N,Time,np,SpeedUp
1000,0.00365,1,
2000,0.01400,1,
3000,0.03110,1,
4000,0.05520,1,
1000,0.00183,2,1.995
2000,0.00717,2,1.953
3000,0.01620,2,1.920
4000,0.02870,2,1.923
1000,0.00179,4,2.039
2000,0.00695,4,2.014
3000,0.01560,4,1.994
4000,0.02760,4,2.000
